ID,Family,Name_First_Given,Name_First_Preferred,Name_Maiden,Name_Last,Name_Suffix,Birthday,Anniversary,Email,Phone_Home,Phone_Cell,Address_Street,Address_City,Address_State,Address_Zip,Address_Full,Living?,Direct_Descendent?,Generation_Number,Lineage_Full,Color_Hex
0-0,,Ezekiel,Zeke,,Thorne,,1932-05-01,1955-09-15,ezekiel.thorne@example.com,,555-0101,1 Ancestral Farmhouse,Old Hollow,VT,05401,"1 Ancestral Farmhouse, Old Hollow, VT 05401",FALSE,FALSE,0,Founders,
0-S,,Miriam,Miri,Silver,Thorne,,1934-11-20,1955-09-15,miriam.thorne@example.com,,555-0102,1 Ancestral Farmhouse,Old Hollow,VT,05401,"1 Ancestral Farmhouse, Old Hollow, VT 05401",FALSE,FALSE,0,Founders,
A,Wembly,Alistair,Al,,Wembly,,1960-03-14,1986-06-21,alistair.wembly@example.com,555-0103,,123 Maple Lane,Mapleton,CA,12345,"123 Maple Lane, Mapleton, CA 12345",TRUE,TRUE,1,Wembly > Alistair,#2196F3
A-S,Wembly,Bernadette,Bernie,O'Hara,Wembly,,1962-07-02,1986-06-21,bernadette.wembly@example.com,555-0104,,123 Maple Lane,Mapleton,CA,12345,"123 Maple Lane, Mapleton, CA 12345",TRUE,FALSE,1,Wembly > Alistair,#2196F3
A-1,Wembly,Liam,Liam,,Wembly,,1988-11-09,2014-05-17,liam.wembly@example.com,,555-0105,456 Oak Avenue,Mapleton,CA,12345,"456 Oak Avenue, Mapleton, CA 12345",TRUE,TRUE,2,Wembly > Liam,#2196F3
A-1-S,Wembly,Chloe,Chloe,Fairbanks,Wembly,,1990-04-23,2014-05-17,chloe.wembly@example.com,,555-0106,456 Oak Avenue,Mapleton,CA,12345,"456 Oak Avenue, Mapleton, CA 12345",TRUE,FALSE,2,Wembly > Liam,#2196F3
A-2,Wembly,Nora,Nora,,Wembly,,1991-08-30,2016-09-10,nora.wembly@example.com,,555-0107,789 Pine Drive,Mapleton,CA,12345,"789 Pine Drive, Mapleton, CA 12345",TRUE,TRUE,2,Wembly > Nora,#2196F3
A-2-S,Wembly,Diego,Diego,,Ramirez,,1989-01-15,2016-09-10,diego.ramirez@example.com,,555-0108,789 Pine Drive,Mapleton,CA,12345,"789 Pine Drive, Mapleton, CA 12345",TRUE,FALSE,2,Wembly > Nora,#2196F3
A-3,Wembly,Simon,Si,,Wembly,,1994-12-05,,simon.wembly@example.com,,555-0109,123 Maple Lane,Mapleton,CA,12345,"123 Maple Lane, Mapleton, CA 12345",FALSE,TRUE,2,Wembly > Simon,#2196F3
A-1-1,Wembly,Noah,Noah,,Wembly,,2016-02-19,,noah.wembly@example.com,,555-0110,456 Oak Avenue,Mapleton,CA,12345,"456 Oak Avenue, Mapleton, CA 12345",TRUE,TRUE,3,Wembly > Liam > Noah,#2196F3
A-1-2,Wembly,Ruby,Ruby,,Wembly,,2018-10-07,,ruby.wembly@example.com,,555-0111,456 Oak Avenue,Mapleton,CA,12345,"456 Oak Avenue, Mapleton, CA 12345",TRUE,TRUE,3,Wembly > Liam > Ruby,#2196F3
A-2-1,Wembly,Mateo,Mateo,,Wembly,,2019-06-11,,mateo.wembly@example.com,,555-0112,789 Pine Drive,Mapleton,CA,12345,"789 Pine Drive, Mapleton, CA 12345",TRUE,TRUE,3,Wembly > Nora > Mateo,#2196F3
B,Dunder,Beatrice,Bea,,Dunder,,1958-05-20,1981-09-12,beatrice.dunder@example.com,555-0113,,24 Birchwood Road,Riverside,NY,23456,"24 Birchwood Road, Riverside, NY 23456",TRUE,TRUE,1,Dunder > Beatrice,#F44336
B-S,Dunder,Walter,Walt,,Dunder,,1956-02-03,1981-09-12,walter.dunder@example.com,555-0114,,24 Birchwood Road,Riverside,NY,23456,"24 Birchwood Road, Riverside, NY 23456",TRUE,FALSE,1,Dunder > Beatrice,#F44336
B-1,Dunder,Felix,Felix,,Dunder,,1985-07-04,2012-04-28,felix.dunder@example.com,,555-0115,88 Chestnut Street,Riverside,NY,23456,"88 Chestnut Street, Riverside, NY 23456",TRUE,TRUE,2,Dunder > Felix,#F44336
B-1-S,Dunder,Priya,Priya,Nair,Dunder,,1987-10-19,2012-04-28,priya.dunder@example.com,,555-0116,88 Chestnut Street,Riverside,NY,23456,"88 Chestnut Street, Riverside, NY 23456",TRUE,FALSE,2,Dunder > Felix,#F44336
B-2,Dunder,Ingrid,Ingrid,,Dunder,,1989-03-22,2015-08-01,ingrid.dunder@example.com,,555-0117,150 Elm Court,Riverside,NY,23456,"150 Elm Court, Riverside, NY 23456",TRUE,TRUE,2,Dunder > Ingrid,#F44336
B-2-S,Dunder,Marcus,Marcus,,Chen,,1986-12-09,2015-08-01,marcus.chen@example.com,,555-0118,150 Elm Court,Riverside,NY,23456,"150 Elm Court, Riverside, NY 23456",TRUE,FALSE,2,Dunder > Ingrid,#F44336
B-1-1,Dunder,Oliver,Ollie,,Dunder,,2014-01-13,,oliver.dunder@example.com,,555-0119,88 Chestnut Street,Riverside,NY,23456,"88 Chestnut Street, Riverside, NY 23456",TRUE,TRUE,3,Dunder > Felix > Oliver,#F44336
B-1-2,Dunder,Stella,Stella,,Dunder,,2016-05-27,,stella.dunder@example.com,,555-0120,88 Chestnut Street,Riverside,NY,23456,"88 Chestnut Street, Riverside, NY 23456",TRUE,TRUE,3,Dunder > Felix > Stella,#F44336
B-2-1,Dunder,Hugo,Hugo,,Dunder,,2017-09-30,,hugo.dunder@example.com,,555-0121,150 Elm Court,Riverside,NY,23456,"150 Elm Court, Riverside, NY 23456",TRUE,TRUE,3,Dunder > Ingrid > Hugo,#F44336
B-2-2,Dunder,Isla,Isla,,Dunder,,2019-11-08,,isla.dunder@example.com,,555-0122,150 Elm Court,Riverside,NY,23456,"150 Elm Court, Riverside, NY 23456",TRUE,TRUE,3,Dunder > Ingrid > Isla,#F44336
C,Figg,Cedric,Ced,,Figg,,1963-09-08,1988-07-15,cedric.figg@example.com,555-0123,,310 Cedar Avenue,Lakewood,FL,34567,"310 Cedar Avenue, Lakewood, FL 34567",TRUE,TRUE,1,Figg > Cedric,#4CAF50
C-S,Figg,Ophelia,Ophie,Holloway,Figg,,1965-11-16,1988-07-15,ophelia.figg@example.com,555-0124,,310 Cedar Avenue,Lakewood,FL,34567,"310 Cedar Avenue, Lakewood, FL 34567",TRUE,FALSE,1,Figg > Cedric,#4CAF50
C-1,Figg,Jasper,Jazz,,Figg,,1990-06-25,2017-10-07,jasper.figg@example.com,,555-0125,77 Magnolia Way,Lakewood,FL,34567,"77 Magnolia Way, Lakewood, FL 34567",TRUE,TRUE,2,Figg > Jasper,#4CAF50
C-1-S,Figg,Nina,Nina,Deveraux,Figg,,1992-01-30,2017-10-07,nina.figg@example.com,,555-0126,77 Magnolia Way,Lakewood,FL,34567,"77 Magnolia Way, Lakewood, FL 34567",TRUE,FALSE,2,Figg > Jasper,#4CAF50
C-2,Figg,Tessa,Tessa,,Figg,,1993-04-12,2019-05-25,tessa.figg@example.com,,555-0127,430 Willow Bend,Lakewood,FL,34567,"430 Willow Bend, Lakewood, FL 34567",TRUE,TRUE,2,Figg > Tessa,#4CAF50
C-2-S,Figg,Omar,Omar,,Hassan,,1990-08-03,2019-05-25,omar.hassan@example.com,,555-0128,430 Willow Bend,Lakewood,FL,34567,"430 Willow Bend, Lakewood, FL 34567",TRUE,FALSE,2,Figg > Tessa,#4CAF50
C-3,Figg,Fergus,Ferg,,Figg,,1996-02-17,,fergus.figg@example.com,,555-0129,310 Cedar Avenue,Lakewood,FL,34567,"310 Cedar Avenue, Lakewood, FL 34567",FALSE,TRUE,2,Figg > Fergus,#4CAF50
C-1-1,Figg,Hazel,Hazel,,Figg,,2019-03-03,,hazel.figg@example.com,,555-0130,77 Magnolia Way,Lakewood,FL,34567,"77 Magnolia Way, Lakewood, FL 34567",TRUE,TRUE,3,Figg > Jasper > Hazel,#4CAF50
C-1-2,Figg,Milo,Milo,,Figg,,2021-08-21,,milo.figg@example.com,,555-0131,77 Magnolia Way,Lakewood,FL,34567,"77 Magnolia Way, Lakewood, FL 34567",TRUE,TRUE,3,Figg > Jasper > Milo,#4CAF50
C-2-1,Figg,Zara,Zara,,Figg,,2021-12-14,,zara.figg@example.com,,555-0132,430 Willow Bend,Lakewood,FL,34567,"430 Willow Bend, Lakewood, FL 34567",TRUE,TRUE,3,Figg > Tessa > Zara,#4CAF50
D,Hollingsworth,Daphne,Daffy,,Hollingsworth,,1966-01-27,1990-04-14,daphne.hollingsworth@example.com,555-0133,,56 Dogwood Trail,Fairview,OH,45678,"56 Dogwood Trail, Fairview, OH 45678",TRUE,TRUE,1,Hollingsworth > Daphne,#FF9800
D-S,Hollingsworth,Gerald,Gerry,,Hollingsworth,,1964-06-11,1990-04-14,gerald.hollingsworth@example.com,555-0134,,56 Dogwood Trail,Fairview,OH,45678,"56 Dogwood Trail, Fairview, OH 45678",TRUE,FALSE,1,Hollingsworth > Daphne,#FF9800
D-1,Hollingsworth,Penelope,Penny,,Hollingsworth,,1992-09-03,2018-06-16,penelope.hollingsworth@example.com,,555-0135,210 Spruce Street,Fairview,OH,45678,"210 Spruce Street, Fairview, OH 45678",TRUE,TRUE,2,Hollingsworth > Penelope,#FF9800
D-1-S,Hollingsworth,Arthur,Art,,Whitfield,,1991-02-25,2018-06-16,arthur.whitfield@example.com,,555-0136,210 Spruce Street,Fairview,OH,45678,"210 Spruce Street, Fairview, OH 45678",TRUE,FALSE,2,Hollingsworth > Penelope,#FF9800
D-2,Hollingsworth,Barnaby,Barney,,Hollingsworth,,1995-11-19,2020-10-10,barnaby.hollingsworth@example.com,,555-0137,98 Aspen Lane,Fairview,OH,45678,"98 Aspen Lane, Fairview, OH 45678",TRUE,TRUE,2,Hollingsworth > Barnaby,#FF9800
D-2-S,Hollingsworth,Colette,Colette,Moreau,Hollingsworth,,1994-03-07,2020-10-10,colette.hollingsworth@example.com,,555-0138,98 Aspen Lane,Fairview,OH,45678,"98 Aspen Lane, Fairview, OH 45678",TRUE,FALSE,2,Hollingsworth > Barnaby,#FF9800
D-1-1,Hollingsworth,Eleanor,Ellie,,Hollingsworth,,2020-04-05,,eleanor.hollingsworth@example.com,,555-0139,210 Spruce Street,Fairview,OH,45678,"210 Spruce Street, Fairview, OH 45678",TRUE,TRUE,3,Hollingsworth > Penelope > Eleanor,#FF9800
D-1-2,Hollingsworth,Tobias,Toby,,Hollingsworth,,2022-07-23,,tobias.hollingsworth@example.com,,555-0140,210 Spruce Street,Fairview,OH,45678,"210 Spruce Street, Fairview, OH 45678",TRUE,TRUE,3,Hollingsworth > Penelope > Tobias,#FF9800
D-2-1,Hollingsworth,Sylvia,Sylvia,,Hollingsworth,,2022-01-02,,sylvia.hollingsworth@example.com,,555-0141,98 Aspen Lane,Fairview,OH,45678,"98 Aspen Lane, Fairview, OH 45678",TRUE,TRUE,3,Hollingsworth > Barnaby > Sylvia,#FF9800
D-2-2,Hollingsworth,Elias,Elias,,Hollingsworth,,2023-05-19,,elias.hollingsworth@example.com,,555-0142,98 Aspen Lane,Fairview,OH,45678,"98 Aspen Lane, Fairview, OH 45678",TRUE,TRUE,3,Hollingsworth > Barnaby > Elias,#FF9800
E,Papadakis,Elias,Eli,,Papadakis,,1955-12-19,1980-03-08,elias.papadakis@example.com,555-0143,,12 Sycamore Drive,Oakdale,TX,56789,"12 Sycamore Drive, Oakdale, TX 56789",TRUE,TRUE,1,Papadakis > Elias,#9C27B0
E-S,Papadakis,Marina,Marina,Costas,Papadakis,,1957-08-14,1980-03-08,marina.papadakis@example.com,555-0144,,12 Sycamore Drive,Oakdale,TX,56789,"12 Sycamore Drive, Oakdale, TX 56789",TRUE,FALSE,1,Papadakis > Elias,#9C27B0
E-1,Papadakis,Theodore,Theo,,Papadakis,,1984-10-05,2013-09-21,theodore.papadakis@example.com,,555-0145,340 Juniper Road,Oakdale,TX,56789,"340 Juniper Road, Oakdale, TX 56789",TRUE,TRUE,2,Papadakis > Theodore,#9C27B0
E-1-S,Papadakis,Sofia,Sofie,Dimitriou,Papadakis,,1986-05-17,2013-09-21,sofia.papadakis@example.com,,555-0146,340 Juniper Road,Oakdale,TX,56789,"340 Juniper Road, Oakdale, TX 56789",TRUE,FALSE,2,Papadakis > Theodore,#9C27B0
E-2,Papadakis,Calliope,Callie,,Papadakis,,1988-02-29,2016-11-05,calliope.papadakis@example.com,,555-0147,65 Locust Court,Oakdale,TX,56789,"65 Locust Court, Oakdale, TX 56789",TRUE,TRUE,2,Papadakis > Calliope,#9C27B0
E-2-S,Papadakis,Stavros,Stav,,Georgiou,,1987-07-08,2016-11-05,stavros.georgiou@example.com,,555-0148,65 Locust Court,Oakdale,TX,56789,"65 Locust Court, Oakdale, TX 56789",TRUE,FALSE,2,Papadakis > Calliope,#9C27B0
E-3,Papadakis,Nicos,Nick,,Papadakis,,1991-04-26,,nicos.papadakis@example.com,,555-0149,12 Sycamore Drive,Oakdale,TX,56789,"12 Sycamore Drive, Oakdale, TX 56789",FALSE,TRUE,2,Papadakis > Nicos,#9C27B0
E-1-1,Papadakis,Eleni,Eleni,,Papadakis,,2015-07-12,,eleni.papadakis@example.com,,555-0150,340 Juniper Road,Oakdale,TX,56789,"340 Juniper Road, Oakdale, TX 56789",TRUE,TRUE,3,Papadakis > Theodore > Eleni,#9C27B0
E-1-2,Papadakis,Andreas,Andy,,Papadakis,,2017-03-09,,andreas.papadakis@example.com,,555-0151,340 Juniper Road,Oakdale,TX,56789,"340 Juniper Road, Oakdale, TX 56789",TRUE,TRUE,3,Papadakis > Theodore > Andreas,#9C27B0
E-2-1,Papadakis,Lyra,Lyra,,Papadakis,,2018-12-25,,lyra.papadakis@example.com,,555-0152,65 Locust Court,Oakdale,TX,56789,"65 Locust Court, Oakdale, TX 56789",TRUE,TRUE,3,Papadakis > Calliope > Lyra,#9C27B0
F,Nakamura,Haruto,Haruto,,Nakamura,,1957-04-02,1983-06-18,haruto.nakamura@example.com,555-0153,,901 Alder Avenue,Cedar Falls,WA,67890,"901 Alder Avenue, Cedar Falls, WA 67890",TRUE,TRUE,1,Nakamura > Haruto,#009688
F-S,Nakamura,Yuki,Yuki,Sato,Nakamura,,1959-09-27,1983-06-18,yuki.nakamura@example.com,555-0154,,901 Alder Avenue,Cedar Falls,WA,67890,"901 Alder Avenue, Cedar Falls, WA 67890",TRUE,FALSE,1,Nakamura > Haruto,#009688
F-1,Nakamura,Kenji,Kenji,,Nakamura,,1986-01-11,2015-05-30,kenji.nakamura@example.com,,555-0155,23 Redwood Circle,Cedar Falls,WA,67890,"23 Redwood Circle, Cedar Falls, WA 67890",TRUE,TRUE,2,Nakamura > Kenji,#009688
F-1-S,Nakamura,Aiko,Aiko,Tanaka,Nakamura,,1988-06-14,2015-05-30,aiko.nakamura@example.com,,555-0156,23 Redwood Circle,Cedar Falls,WA,67890,"23 Redwood Circle, Cedar Falls, WA 67890",TRUE,FALSE,2,Nakamura > Kenji,#009688
F-2,Nakamura,Rei,Rei,,Nakamura,,1990-10-08,2018-08-18,rei.nakamura@example.com,,555-0157,450 Sequoia Way,Cedar Falls,WA,67890,"450 Sequoia Way, Cedar Falls, WA 67890",TRUE,TRUE,2,Nakamura > Rei,#009688
F-2-S,Nakamura,Taro,Taro,,Suzuki,,1989-03-04,2018-08-18,taro.suzuki@example.com,,555-0158,450 Sequoia Way,Cedar Falls,WA,67890,"450 Sequoia Way, Cedar Falls, WA 67890",TRUE,FALSE,2,Nakamura > Rei,#009688
F-1-1,Nakamura,Emi,Emi,,Nakamura,,2017-02-14,,emi.nakamura@example.com,,555-0159,23 Redwood Circle,Cedar Falls,WA,67890,"23 Redwood Circle, Cedar Falls, WA 67890",TRUE,TRUE,3,Nakamura > Kenji > Emi,#009688
F-1-2,Nakamura,Kenta,Kenta,,Nakamura,,2019-08-31,,kenta.nakamura@example.com,,555-0160,23 Redwood Circle,Cedar Falls,WA,67890,"23 Redwood Circle, Cedar Falls, WA 67890",TRUE,TRUE,3,Nakamura > Kenji > Kenta,#009688
F-2-1,Nakamura,Hana,Hana,,Nakamura,,2020-04-20,,hana.nakamura@example.com,,555-0161,450 Sequoia Way,Cedar Falls,WA,67890,"450 Sequoia Way, Cedar Falls, WA 67890",TRUE,TRUE,3,Nakamura > Rei > Hana,#009688
F-2-2,Nakamura,Ren,Ren,,Nakamura,,2023-01-09,,ren.nakamura@example.com,,555-0162,450 Sequoia Way,Cedar Falls,WA,67890,"450 Sequoia Way, Cedar Falls, WA 67890",TRUE,TRUE,3,Nakamura > Rei > Ren,#009688
G,Okafor,Chidi,Chidi,,Okafor,,1959-08-23,1985-11-02,chidi.okafor@example.com,555-0163,,67 Poplar Street,Brookhaven,GA,78901,"67 Poplar Street, Brookhaven, GA 78901",TRUE,TRUE,1,Okafor > Chidi,#795548
G-S,Okafor,Amara,Amara,Eze,Okafor,,1961-12-05,1985-11-02,amara.okafor@example.com,555-0164,,67 Poplar Street,Brookhaven,GA,78901,"67 Poplar Street, Brookhaven, GA 78901",TRUE,FALSE,1,Okafor > Chidi,#795548
G-1,Okafor,Ifeoma,Ify,,Okafor,,1987-05-28,2017-12-09,ifeoma.okafor@example.com,,555-0165,89 Hickory Lane,Brookhaven,GA,78901,"89 Hickory Lane, Brookhaven, GA 78901",TRUE,TRUE,2,Okafor > Ifeoma,#795548
G-1-S,Okafor,Kwame,Kwame,,Mensah,,1985-09-16,2017-12-09,kwame.mensah@example.com,,555-0166,89 Hickory Lane,Brookhaven,GA,78901,"89 Hickory Lane, Brookhaven, GA 78901",TRUE,FALSE,2,Okafor > Ifeoma,#795548
G-2,Okafor,Emeka,Emeka,,Okafor,,1990-07-21,2019-06-22,emeka.okafor@example.com,,555-0167,233 Walnut Drive,Brookhaven,GA,78901,"233 Walnut Drive, Brookhaven, GA 78901",TRUE,TRUE,2,Okafor > Emeka,#795548
G-2-S,Okafor,Adaeze,Ada,Nwosu,Okafor,,1992-11-03,2019-06-22,adaeze.okafor@example.com,,555-0168,233 Walnut Drive,Brookhaven,GA,78901,"233 Walnut Drive, Brookhaven, GA 78901",TRUE,FALSE,2,Okafor > Emeka,#795548
G-3,Okafor,Ngozi,Ngozi,,Okafor,,1995-01-25,,ngozi.okafor@example.com,,555-0169,67 Poplar Street,Brookhaven,GA,78901,"67 Poplar Street, Brookhaven, GA 78901",FALSE,TRUE,2,Okafor > Ngozi,#795548
G-1-1,Okafor,Chiamaka,Chi,,Okafor,,2019-10-13,,chiamaka.okafor@example.com,,555-0170,89 Hickory Lane,Brookhaven,GA,78901,"89 Hickory Lane, Brookhaven, GA 78901",TRUE,TRUE,3,Okafor > Ifeoma > Chiamaka,#795548
G-1-2,Okafor,Obinna,Obinna,,Okafor,,2021-04-17,,obinna.okafor@example.com,,555-0171,89 Hickory Lane,Brookhaven,GA,78901,"89 Hickory Lane, Brookhaven, GA 78901",TRUE,TRUE,3,Okafor > Ifeoma > Obinna,#795548
G-2-1,Okafor,Zikora,Zikora,,Okafor,,2021-09-06,,zikora.okafor@example.com,,555-0172,233 Walnut Drive,Brookhaven,GA,78901,"233 Walnut Drive, Brookhaven, GA 78901",TRUE,TRUE,3,Okafor > Emeka > Zikora,#795548
H,Lindqvist,Henrik,Henk,,Lindqvist,,1956-03-30,1982-08-07,henrik.lindqvist@example.com,555-0173,,145 Hawthorn Road,Stonebridge,MN,89012,"145 Hawthorn Road, Stonebridge, MN 89012",TRUE,TRUE,1,Lindqvist > Henrik,#607D8B
H-S,Lindqvist,Astrid,Astrid,Berg,Lindqvist,,1958-11-12,1982-08-07,astrid.lindqvist@example.com,555-0174,,145 Hawthorn Road,Stonebridge,MN,89012,"145 Hawthorn Road, Stonebridge, MN 89012",TRUE,FALSE,1,Lindqvist > Henrik,#607D8B
H-1,Lindqvist,Lars,Lars,,Lindqvist,,1985-04-08,2014-03-15,lars.lindqvist@example.com,,555-0175,32 Beechwood Court,Stonebridge,MN,89012,"32 Beechwood Court, Stonebridge, MN 89012",TRUE,TRUE,2,Lindqvist > Lars,#607D8B
H-1-S,Lindqvist,Freja,Freja,Nilsson,Lindqvist,,1987-08-21,2014-03-15,freja.lindqvist@example.com,,555-0176,32 Beechwood Court,Stonebridge,MN,89012,"32 Beechwood Court, Stonebridge, MN 89012",TRUE,FALSE,2,Lindqvist > Lars,#607D8B
H-2,Lindqvist,Maja,Maja,,Lindqvist,,1989-12-02,2017-07-29,maja.lindqvist@example.com,,555-0177,560 Linden Avenue,Stonebridge,MN,89012,"560 Linden Avenue, Stonebridge, MN 89012",TRUE,TRUE,2,Lindqvist > Maja,#607D8B
H-2-S,Lindqvist,Erik,Erik,,Dahl,,1988-05-13,2017-07-29,erik.dahl@example.com,,555-0178,560 Linden Avenue,Stonebridge,MN,89012,"560 Linden Avenue, Stonebridge, MN 89012",TRUE,FALSE,2,Lindqvist > Maja,#607D8B
H-1-1,Lindqvist,Sven,Sven,,Lindqvist,,2016-01-27,,sven.lindqvist@example.com,,555-0179,32 Beechwood Court,Stonebridge,MN,89012,"32 Beechwood Court, Stonebridge, MN 89012",TRUE,TRUE,3,Lindqvist > Lars > Sven,#607D8B
H-1-2,Lindqvist,Liv,Liv,,Lindqvist,,2018-06-03,,liv.lindqvist@example.com,,555-0180,32 Beechwood Court,Stonebridge,MN,89012,"32 Beechwood Court, Stonebridge, MN 89012",TRUE,TRUE,3,Lindqvist > Lars > Liv,#607D8B
H-2-1,Lindqvist,Nils,Nils,,Lindqvist,,2019-11-22,,nils.lindqvist@example.com,,555-0181,560 Linden Avenue,Stonebridge,MN,89012,"560 Linden Avenue, Stonebridge, MN 89012",TRUE,TRUE,3,Lindqvist > Maja > Nils,#607D8B
H-2-2,Lindqvist,Ebba,Ebba,,Lindqvist,,2022-03-16,,ebba.lindqvist@example.com,,555-0182,560 Linden Avenue,Stonebridge,MN,89012,"560 Linden Avenue, Stonebridge, MN 89012",TRUE,TRUE,3,Lindqvist > Maja > Ebba,#607D8B
I,Kowalski,Kazimierz,Kaz,,Kowalski,,1954-10-16,1979-05-05,kazimierz.kowalski@example.com,555-0183,,78 Willow Street,Millbrook,WI,90123,"78 Willow Street, Millbrook, WI 90123",TRUE,TRUE,1,Kowalski > Kazimierz,#E91E63
I-S,Kowalski,Zofia,Zosia,Nowak,Kowalski,,1956-02-28,1979-05-05,zofia.kowalski@example.com,555-0184,,78 Willow Street,Millbrook,WI,90123,"78 Willow Street, Millbrook, WI 90123",TRUE,FALSE,1,Kowalski > Kazimierz,#E91E63
I-1,Kowalski,Tadeusz,Tad,,Kowalski,,1983-06-30,2011-09-24,tadeusz.kowalski@example.com,,555-0185,210 Maple Grove,Millbrook,WI,90123,"210 Maple Grove, Millbrook, WI 90123",TRUE,TRUE,2,Kowalski > Tadeusz,#E91E63
I-1-S,Kowalski,Agnieszka,Aga,Zielinska,Kowalski,,1985-01-19,2011-09-24,agnieszka.kowalski@example.com,,555-0186,210 Maple Grove,Millbrook,WI,90123,"210 Maple Grove, Millbrook, WI 90123",TRUE,FALSE,2,Kowalski > Tadeusz,#E91E63
I-2,Kowalski,Weronika,Wera,,Kowalski,,1987-03-11,2016-04-30,weronika.kowalski@example.com,,555-0187,99 Cherry Lane,Millbrook,WI,90123,"99 Cherry Lane, Millbrook, WI 90123",TRUE,TRUE,2,Kowalski > Weronika,#E91E63
I-2-S,Kowalski,Marek,Marek,,Jablonski,,1986-08-08,2016-04-30,marek.jablonski@example.com,,555-0188,99 Cherry Lane,Millbrook,WI,90123,"99 Cherry Lane, Millbrook, WI 90123",TRUE,FALSE,2,Kowalski > Weronika,#E91E63
I-3,Kowalski,Bartosz,Bart,,Kowalski,,1990-09-14,,bartosz.kowalski@example.com,,555-0189,78 Willow Street,Millbrook,WI,90123,"78 Willow Street, Millbrook, WI 90123",FALSE,TRUE,2,Kowalski > Bartosz,#E91E63
I-1-1,Kowalski,Kasia,Kasia,,Kowalski,,2014-05-04,,kasia.kowalski@example.com,,555-0190,210 Maple Grove,Millbrook,WI,90123,"210 Maple Grove, Millbrook, WI 90123",TRUE,TRUE,3,Kowalski > Tadeusz > Kasia,#E91E63
I-1-2,Kowalski,Jan,Janek,,Kowalski,,2016-08-20,,jan.kowalski@example.com,,555-0191,210 Maple Grove,Millbrook,WI,90123,"210 Maple Grove, Millbrook, WI 90123",TRUE,TRUE,3,Kowalski > Tadeusz > Jan,#E91E63
I-2-1,Kowalski,Hania,Hania,,Kowalski,,2018-02-11,,hania.kowalski@example.com,,555-0192,99 Cherry Lane,Millbrook,WI,90123,"99 Cherry Lane, Millbrook, WI 90123",TRUE,TRUE,3,Kowalski > Weronika > Hania,#E91E63
J,Delacroix,Remy,Remy,,Delacroix,,1962-07-31,1987-10-24,remy.delacroix@example.com,555-0193,,345 Cypress Court,Pinecrest,LA,01234,"345 Cypress Court, Pinecrest, LA 01234",TRUE,TRUE,1,Delacroix > Remy,#3F51B5
J-S,Delacroix,Camille,Cam,Beaumont,Delacroix,,1964-04-09,1987-10-24,camille.delacroix@example.com,555-0194,,345 Cypress Court,Pinecrest,LA,01234,"345 Cypress Court, Pinecrest, LA 01234",TRUE,FALSE,1,Delacroix > Remy,#3F51B5
J-1,Delacroix,Luc,Luc,,Delacroix,,1989-02-12,2018-05-19,luc.delacroix@example.com,,555-0195,12 Magnolia Avenue,Pinecrest,LA,01234,"12 Magnolia Avenue, Pinecrest, LA 01234",TRUE,TRUE,2,Delacroix > Luc,#3F51B5
J-1-S,Delacroix,Elodie,Elo,Laurent,Delacroix,,1991-06-06,2018-05-19,elodie.delacroix@example.com,,555-0196,12 Magnolia Avenue,Pinecrest,LA,01234,"12 Magnolia Avenue, Pinecrest, LA 01234",TRUE,FALSE,2,Delacroix > Luc,#3F51B5
J-2,Delacroix,Margaux,Margaux,,Delacroix,,1993-09-28,2021-08-14,margaux.delacroix@example.com,,555-0197,567 Bayou Lane,Pinecrest,LA,01234,"567 Bayou Lane, Pinecrest, LA 01234",TRUE,TRUE,2,Delacroix > Margaux,#3F51B5
J-2-S,Delacroix,Bastien,Bast,,Morel,,1992-12-01,2021-08-14,bastien.morel@example.com,,555-0198,567 Bayou Lane,Pinecrest,LA,01234,"567 Bayou Lane, Pinecrest, LA 01234",TRUE,FALSE,2,Delacroix > Margaux,#3F51B5
J-1-1,Delacroix,Clement,Clem,,Delacroix,,2020-03-08,,clement.delacroix@example.com,,555-0199,12 Magnolia Avenue,Pinecrest,LA,01234,"12 Magnolia Avenue, Pinecrest, LA 01234",TRUE,TRUE,3,Delacroix > Luc > Clement,#3F51B5
J-1-2,Delacroix,Adele,Adele,,Delacroix,,2022-05-01,,adele.delacroix@example.com,,555-0200,12 Magnolia Avenue,Pinecrest,LA,01234,"12 Magnolia Avenue, Pinecrest, LA 01234",TRUE,TRUE,3,Delacroix > Luc > Adele,#3F51B5
J-2-1,Delacroix,Juliette,Jules,,Delacroix,,2023-07-17,,juliette.delacroix@example.com,,555-0201,567 Bayou Lane,Pinecrest,LA,01234,"567 Bayou Lane, Pinecrest, LA 01234",TRUE,TRUE,3,Delacroix > Margaux > Juliette,#3F51B5
J-2-2,Delacroix,Marcel,Marcel,,Delacroix,,2023-07-17,,marcel.delacroix@example.com,,555-0202,567 Bayou Lane,Pinecrest,LA,01234,"567 Bayou Lane, Pinecrest, LA 01234",TRUE,TRUE,3,Delacroix > Margaux > Marcel,#3F51B5
